group,series,code,size,stock_qty,unit_price,finishing,incoming,pi_code
OVAL TABLE,Saarinen Oval Table,175TOMA2,W2440*D1370*H730,1,22900000,White / Arabescato(MA),,
OVAL TABLE,Saarinen Oval Table,175TOMST2,W2440*D1370*H730,0,24040000,White / Statuarietto(MST),8/16 입항예정 ×1,C010011170
OVAL TABLE,Saarinen Oval Table,174TOF22,W1980*D1210*H730,1,11450000,White / Laminate White,,
OVAL TABLE,Saarinen Oval Table,174TOMA2,W1980*D1210*H730,1,19590000,White / Arabescato(MA),9/16 입항예정 ×2,C010012119
OVAL TABLE,Saarinen Oval Table,174TOMST2,W1980*D1210*H730,0,20610000,White / Statuarietto(MST),8/16 입항예정 ×3,C010009472
OVAL TABLE,Saarinen Oval Table,174TOMLE1,W1980*D1210*H730,2,24900000,Black / Levanto(MLE),,
OVAL TABLE,Saarinen Oval Table,173TOMA2,W1830*D1070*H730,0,19590000,White / Arabescato(MA),8/16 입항예정 ×5,C010009472
OVAL TABLE,Saarinen Oval Table,173TOMST2,W1830*D1070*H730,0,20610000,White / Statuarietto(MST),8/16 입항예정 ×7,C010009472
ROUND HIGH,Saarinen Round High Table,164TRMA2,Ø1370*H730,2,14950000,White / Arabescato (MA),,
ROUND HIGH,Saarinen Round High Table,164TRMST2,Ø1370*H730,1,15730000,White / Statuarietto(MST),,
ROUND HIGH,Saarinen Round High Table,176TRF22,Ø1200*H730,0,6000000,White / Laminate White,9/26 입항예정 ×3,C010013384
ROUND HIGH,Saarinen Round High Table,176TRMA2,Ø1200*H730,0,10970000,White / Arabescato (MA),9/16 입항예정 ×2,C010012119
ROUND HIGH,Saarinen Round High Table,176TRMST2,Ø1200*H730,0,11520000,White / Statuarietto(MST),9/16 입항예정 ×5,C010012119
ROUND HIGH,Saarinen Round High Table,173TRF22,Ø1070*H730,0,5710000,White / Laminate White,9/26 입항예정 ×3,C010013384
ROUND HIGH,Saarinen Round High Table,173TRMA2,Ø1070*H730,0,9640000,White / Arabescato (MA),9/16 입항예정 ×2,C010012119
ROUND HIGH,Saarinen Round High Table,173TRMST2,Ø1070*H730,0,10120000,White / Statuarietto(MST),8/16 입항예정 ×3,C010009472
ROUND HIGH,Saarinen Round High Table,172TRF22,Ø910*H730,0,5190000,White / Laminate White,9/26 입항예정 ×2,C010013384
ROUND HIGH,Saarinen Round High Table,172TRMA2,Ø910*H730,2,8360000,White / Arabescato (MA),,
ROUND HIGH,Saarinen Round High Table,172TRMST2,Ø910*H730,0,8790000,White / Statuarietto(MST),9/16 입항예정 ×2,C010012119
ROUND SIDE Ø410,Saarinen Round Side Table Ø410,160TRMA2,Ø410*H510,4,2860000,White / Arabescato (MA),,
ROUND SIDE Ø410,Saarinen Round Side Table Ø410,160TRMST2,Ø410*H510,3,3040000,White / Statuarietto(MST),,
ROUND SIDE Ø410,Saarinen Round Side Table Ø410,160TRMN1,Ø410*H510,0,3240000,Black / Nero Marquina(MN),8/16 입항예정 ×2,
ROUND SIDE Ø410,Saarinen Round Side Table Ø410,160TRMRR1,Ø410*H510,0,3400000,Black / Rosso Rubino(MRR),9/26 입항예정 ×1,
ROUND SIDE Ø410,Saarinen Round Side Table Ø410,160TRMLE1,Ø410*H510,0,3400000,Black / Levanto (MLE),,
ROUND SIDE Ø410,Saarinen Round Side Table Ø410,160TRMV1,Ø410*H510,9,3930000,Black / Verde Alpi(MV),,
ROUND SIDE Ø410,Saarinen Round Side Table Ø410,160TRMGC1,Ø410*H510,1,3400000,Black / Grigio Carnico (MGC),,
ROUND SIDE Ø510,Saarinen Round Side Table Ø510,163TRF22,Ø510*H520,0,2250000,White / Laminate White,,
ROUND SIDE Ø510,Saarinen Round Side Table Ø510,163TRMA2,Ø510*H520,0,2900000,White / Arabescato (MA),8/16 입항예정 ×1 | 8/14 입항예정 ×4,C010009472
ROUND SIDE Ø510,Saarinen Round Side Table Ø510,163TRMST2,Ø510*H510,0,3110000,White / Statuarietto(MST),8/16 입항예정 ×1,C010009472
ROUND SIDE Ø510,Saarinen Round Side Table Ø510,163TRMN1,Ø510*H520,3,3380000,Black / Nero Marquina(MN),,
ROUND SIDE Ø510,Saarinen Round Side Table Ø510,163TRMRR1,Ø510*H520,0,3650000,Black / Rosso Rubino(MRR),9/26 입항예정 ×2,C010013384
ROUND SIDE Ø510,Saarinen Round Side Table Ø510,163TRMLE1,Ø510*H520,0,3650000,Black / Levanto (MLE),,
ROUND SIDE Ø510,Saarinen Round Side Table Ø510,163TRMGC1,Ø510*H510,3,3650000,Black / Grigio Carnico (MGC),,
ROUND SIDE Ø510,Saarinen Round Side Table Ø510,163TRMV1,Ø510*H520,3,4690000,Black / Verde Alpi(MV),,
